{
  "eval_loss": 0.09340900182723999,
  "eval_accuracy": 0.941772030421535,
  "eval_f1_macro": 0.9159948279339089,
  "eval_runtime": 217.4201,
  "eval_samples_per_second": 383.414,
  "eval_steps_per_second": 11.986,
  "epoch": 4.0
}